{"cameraMode":{"drawMode":0,"name":"Shaded","section":"Shading Mode"},"sceneLighting":true,"audioPlay":false,"sceneViewState":{"m_AlwaysRefresh":false,"showFog":true,"showSkybox":true,"showFlares":true,"showImageEffects":true,"showParticleSystems":true,"showVisualEffectGraphs":true,"m_FxEnabled":true},"in2DMode":false,"pivot":{"x":237.50814819335938,"y":-369.4525146484375,"z":573.6498413085938},"rotation":{"x":-0.26812005043029787,"y":-0.1776367872953415,"z":0.050369977951049808,"w":-0.9455390572547913},"size":0.6831548810005188,"orthographic":false}