{"cameraMode":{"drawMode":0,"name":"Shaded","section":"Shading Mode"},"sceneLighting":true,"audioPlay":false,"sceneViewState":{"m_AlwaysRefresh":false,"showFog":true,"showSkybox":true,"showFlares":true,"showImageEffects":true,"showParticleSystems":true,"showVisualEffectGraphs":true,"m_FxEnabled":true},"in2DMode":false,"pivot":{"x":3.7820634841918947,"y":-3.599069595336914,"z":1.0946931838989258},"rotation":{"x":-0.18714360892772675,"y":0.8099501729011536,"z":-0.4297354817390442,"w":-0.35269075632095339},"size":22.773265838623048,"orthographic":false}